,exercise_name,num_reps
0,Arm Band Adjustment,-1
1,Band Pull-Down Row,20
2,Bicep Curl,26
3,Biceps Curl (band),20
4,Burpee,11
5,Butterfly Sit-up,20
6,Chest Press (rack),20
7,Crunch,20
8,Device on Table,-1
9,Dip,15
10,Dumbbell Deadlift Row,19
11,Dumbbell Row (knee on bench) (label spans both arms),20
12,Dumbbell Squat (hands at side),20
13,Dynamic Stretch (at your own pace),-1
14,Elliptical machine,-1
15,Fast Alternating Punches,-1
16,Jump Rope,-1
17,Jumping Jacks,20
18,Kettlebell Swing,15
19,Lateral Raise,15
20,Lawnmower (left arm),15
21,Lawnmower (right arm),15
22,"Lunge (alternating both legs, weight optional)",20
23,Medicine Ball Slam,15
24,Non-Exercise,-1
25,Overhead Triceps Extension,15
26,Plank,-1
27,Power Boat pose,-1
28,Pushup (knee or foot variation),15
29,Pushups,20
30,Repetitive Stretching,-1
31,Rowing machine,-1
32,Running (treadmill),-1
33,Russian Twist,40
34,Seated Back Fly,15
35,Shoulder Press (dumbbell),15
36,Side Plank Left side,-1
37,Side Plank Right side,-1
38,Sit-up (hands positioned behind head),15
39,Sit-ups,30
40,Squat,30
41,"Squat (arms in front of body, parallel to ground)",20
42,Squat (hands behind head),21
43,Squat (kettlebell / goblet),15
44,Squat Jump,20
45,Squat Rack Shoulder Press,15
46,Static Stretch (at your own pace),-1
47,Static stretch,-1
48,Tap Left Device,-1
49,Tap Right Device,-1
50,Triceps Kickback (knee on bench) (label spans both arms),20
51,Triceps extension (lying down),20
52,"Two-arm Dumbbell Curl (both arms, not alternating)",15
53,Unlisted Exercise,-1
54,V-up,15
55,Walk,-1
56,Walking lunge,30
57,Wall Ball,20
58,Wall Squat,-1
59,Arm straight up,-1
60,Bicep Curl,25
61,Device on Table,-1
62,Dumbbell Deadlift Row,25
63,Jumping Jacks,25
64,Non-Exercise,-1
65,Plank,-1
66,Power Boat pose,-1
67,Pushups,15
68,Side Plank Left side,-1
69,Side Plank Right side,-1
70,Sit-ups,30
71,Squat,25
72,Squat Jump,20
73,Tap IMU Device,-1
74,Tap Left Device,-1
75,Walk,-1
76,Walking lunge,30
77,Bicep Curl,29
78,Device on Table,-1
79,Dumbbell Deadlift Row,24
80,Jumping Jacks,30
81,Non-Exercise,-1
82,Plank,-1
83,Power Boat pose,-1
84,Pushups,20
85,Side Plank Left side,-1
86,Side Plank Right side,-1
87,Sit-ups,30
88,Squat,30
89,Squat Jump,20
90,Tap Left Device,-1
91,Tap Right Device,-1
92,Walk,-1
93,Walking lunge,32
94,Arm Band Adjustment,-1
95,Bicep Curl,30
96,Device on Table,-1
97,Dumbbell Deadlift Row,30
98,Jumping Jacks,29
99,Non-Exercise,-1
100,Plank,-1
101,Power Boat pose,-1
102,Pushups,20
103,Side Plank Left side,-1
104,Side Plank Right side,-1
105,Sit-ups,30
106,Squat,30
107,Squat Jump,20
108,Tap Left Device,-1
109,Tap Right Device,-1
110,Unlisted Exercise,-1
111,Walk,-1
112,Walking lunge,30
113,Arm Band Adjustment,-1
114,Bicep Curl,30
115,Device on Table,-1
116,Dumbbell Deadlift Row,32
117,Jumping Jacks,30
118,Non-Exercise,-1
119,Plank,-1
120,Power Boat pose,-1
121,Pushups,15
122,Side Plank Left side,-1
123,Side Plank Right side,-1
124,Sit-ups,31
125,Squat,31
126,Squat Jump,30
127,Tap Left Device,-1
128,Tap Right Device,-1
129,Walk,-1
130,Walking lunge,30
131,Bicep Curl,30
132,Device on Table,-1
133,Dumbbell Deadlift Row,30
134,Jumping Jacks,30
135,Non-Exercise,-1
136,Plank,-1
137,Power Boat pose,-1
138,Pushups,20
139,Side Plank Left side,-1
140,Side Plank Right side,-1
141,Sit-ups,30
142,Squat,30
143,Squat Jump,25
144,Tap Left Device,-1
145,Tap Right Device,-1
146,Walk,-1
147,Walking lunge,30
148,Arm Band Adjustment,-1
149,Bicep Curl,30
150,Biceps Curl (band),20
151,Burpee,10
152,Butterfly Sit-up,19
153,Chest Press (rack),20
154,Crunch,30
155,Device on Table,-1
156,Dip,20
157,Dumbbell Deadlift Row,20
158,Dumbbell Row (knee on bench) (label spans both arms),30
159,Dumbbell Squat (hands at side),25
160,Dynamic Stretch (at your own pace),-1
161,Elliptical machine,-1
162,Fast Alternating Punches,-1
163,Jump Rope,-1
164,Jumping Jacks,30
165,Kettlebell Swing,20
166,Lateral Raise,20
167,Lawnmower (left arm),15
168,Lawnmower (right arm),17
169,"Lunge (alternating both legs, weight optional)",18
170,Medicine Ball Slam,20
171,Non-Exercise,-1
172,Overhead Triceps Extension,21
173,Plank,-1
174,Power Boat pose,-1
175,Pushup (knee or foot variation),15
176,Pushups,15
177,Repetitive Stretching,-1
178,Rowing machine,-1
179,Running (treadmill),-1
180,Russian Twist,25
181,Seated Back Fly,20
182,Shoulder Press (dumbbell),15
183,Side Plank Left side,-1
184,Side Plank Right side,-1
185,Sit-up (hands positioned behind head),15
186,Sit-ups,30
187,Squat,30
188,"Squat (arms in front of body, parallel to ground)",30
189,Squat (hands behind head),20
190,Squat (kettlebell / goblet),14
191,Squat Jump,30
192,Squat Rack Shoulder Press,20
193,Static Stretch (at your own pace),-1
194,Tap Left Device,-1
195,Tap Right Device,-1
196,Triceps Kickback (knee on bench) (label spans both arms),20
197,Triceps extension (lying down),23
198,"Two-arm Dumbbell Curl (both arms, not alternating)",10
199,V-up,15
200,Walk,-1
201,Walking lunge,28
202,Wall Ball,21
203,Wall Squat,-1
204,Bicep Curl,30
205,Device on Table,-1
206,Dumbbell Deadlift Row,30
207,Jumping Jacks,30
208,Non-Exercise,-1
209,Plank,-1
210,Power Boat pose,-1
211,Pushups,20
212,Side Plank Left side,-1
213,Side Plank Right side,-1
214,Sit-ups,29
215,Squat,30
216,Squat Jump,30
217,Tap Left Device,-1
218,Tap Right Device,-1
219,Walk,-1
220,Walking lunge,30
221,Bicep Curl,31
222,Box Jump (on bench),15
223,Burpee,15
224,Device on Table,-1
225,Dip,20
226,Dumbbell Deadlift Row,30
227,Dumbbell Row (knee on bench) (label spans both arms),30
228,Jumping Jacks,30
229,Lawnmower (label spans both arms),30
230,"Lunge (alternating both legs, weight optional)",30
231,Medicine Ball Slam,15
232,Non-Exercise,-1
233,Overhead Triceps Extension,20
234,Plank,-1
235,Power Boat pose,-1
236,Pushup (knee or foot variation),20
237,Pushups,20
238,Russian Twist,15
239,Shoulder Press (dumbbell),20
240,Side Plank Left side,-1
241,Side Plank Right side,-1
242,Sit-up (hands positioned behind head),20
243,Sit-ups,31
244,Squat,30
245,"Squat (arms in front of body, parallel to ground)",31
246,Squat Jump,31
247,Tap Left Device,-1
248,Tap Right Device,-1
249,Triceps Kickback (knee on bench) (label spans both arms),30
250,"Two-arm Dumbbell Curl (both arms, not alternating)",20
251,V-up,20
252,Walk,-1
253,Walking lunge,30
254,Wall Ball,15
255,Bicep Curl,20
256,Device on Table,-1
257,Dumbbell Deadlift Row,20
258,Jumping Jacks,25
259,Non-Exercise,-1
260,Plank,-1
261,Power Boat pose,-1
262,Pushups,15
263,Side Plank Left side,-1
264,Side Plank Right side,-1
265,Sit-ups,15
266,Squat,25
267,Squat Jump,20
268,Tap Left Device,-1
269,Tap Right Device,-1
270,Walk,-1
271,Walking lunge,30
272,Arm Band Adjustment,-1
273,Bicep Curl,61
274,Device on Table,-1
275,Dumbbell Deadlift Row,60
276,Jumping Jacks,60
277,Non-Exercise,-1
278,Plank,-1
279,Power Boat pose,-1
280,Pushups,60
281,Side Plank Left side,-1
282,Side Plank Right side,-1
283,Sit-ups,60
284,Squat,60
285,Squat Jump,61
286,Tap Left Device,-1
287,Tap Right Device,-1
288,Walk,-1
289,Walking lunge,60
290,Bicep Curl,30
291,Device on Table,-1
292,Dumbbell Deadlift Row,23
293,Jumping Jacks,30
294,Non-Exercise,-1
295,Plank,-1
296,Power Boat pose,-1
297,Pushups,15
298,Side Plank Left side,-1
299,Side Plank Right side,-1
300,Sit-ups,20
301,Squat,25
302,Squat Jump,23
303,Tap Left Device,-1
304,Tap Right Device,-1
305,Walk,-1
306,Walking lunge,22
307,Bicep Curl,46
308,Device on Table,-1
309,Dumbbell Deadlift Row,25
310,Jumping Jacks,25
311,Non-Exercise,-1
312,Plank,-1
313,Power Boat pose,-1
314,Pushups,17
315,Side Plank Left side,-1
316,Side Plank Right side,-1
317,Sit-ups,30
318,Squat,25
319,Squat Jump,20
320,Tap Left Device,-1
321,Tap Right Device,-1
322,Walk,-1
323,Walking lunge,23
324,Bicep Curl,30
325,Burpee,11
326,Butterfly Sit-up,25
327,Crunch,25
328,Device on Table,-1
329,Dip,20
330,Dumbbell Deadlift Row,30
331,Dumbbell Row (knee on bench) (label spans both arms),30
332,Dumbbell Squat (hands at side),20
333,Dynamic Stretch (at your own pace),-1
334,Fast Alternating Punches,-1
335,Jump Rope,-1
336,Jumping Jacks,30
337,Kettlebell Swing,20
338,Lateral Raise,10
339,"Lunge (alternating both legs, weight optional)",20
340,Non-Exercise,-1
341,Note,-1
342,Overhead Triceps Extension,25
343,Plank,-1
344,Power Boat pose,-1
345,Pushup (knee or foot variation),20
346,Pushups,20
347,Russian Twist,50
348,Seated Back Fly,10
349,Shoulder Press (dumbbell),25
350,Side Plank Left side,-1
351,Side Plank Right side,-1
352,Sit-up (hands positioned behind head),15
353,Sit-ups,30
354,Squat,25
355,"Squat (arms in front of body, parallel to ground)",30
356,Squat Jump,26
357,Squat Rack Shoulder Press,10
358,Static Stretch (at your own pace),-1
359,Static stretch,-1
360,Tap Left Device,-1
361,Tap Right Device,-1
362,Triceps Kickback (knee on bench) (label spans both arms),40
363,"Two-arm Dumbbell Curl (both arms, not alternating)",25
364,V-up,20
365,Walk,-1
366,Walking lunge,30
367,Wall Squat,-1
368,Arm Band Adjustment,-1
369,Bicep Curl,28
370,Burpee,12
371,Butterfly Sit-up,15
372,Crunch,19
373,Device on Table,-1
374,Dip,8
375,Dumbbell Deadlift Row,26
376,Dumbbell Row (knee on bench) (label spans both arms),30
377,Dumbbell Squat (hands at side),14
378,Dynamic Stretch (at your own pace),-1
379,Fast Alternating Punches,-1
380,Jump Rope,-1
381,Jumping Jacks,30
382,Kettlebell Swing,15
383,Lateral Raise,14
384,"Lunge (alternating both legs, weight optional)",20
385,Non-Exercise,-1
386,Overhead Triceps Extension,15
387,Plank,-1
388,Power Boat pose,-1
389,Pushup (knee or foot variation),9
390,Pushups,20
391,Repetitive Stretching,-1
392,Russian Twist,36
393,Seated Back Fly,15
394,Shoulder Press (dumbbell),14
395,Side Plank Left side,-1
396,Side Plank Right side,-1
397,Sit-up (hands positioned behind head),15
398,Sit-ups,26
399,Squat,15
400,"Squat (arms in front of body, parallel to ground)",19
401,Squat Jump,19
402,Squat Rack Shoulder Press,15
403,Static Stretch (at your own pace),-1
404,Static stretch,-1
405,Tap Left Device,-1
406,Tap Right Device,-1
407,Triceps Kickback (knee on bench) (label spans both arms),19
408,"Two-arm Dumbbell Curl (both arms, not alternating)",15
409,V-up,15
410,Walk,-1
411,Walking lunge,20
412,Wall Squat,-1
413,Arm Band Adjustment,-1
414,Band Pull-Down Row,20
415,Bicep Curl,30
416,Biceps Curl (band),20
417,Box Jump (on bench),11
418,Burpee,10
419,Chest Press (rack),20
420,Device on Table,-1
421,Dip,15
422,Dumbbell Deadlift Row,30
423,Dumbbell Row (knee on bench) (label spans both arms),30
424,Elliptical machine,-1
425,Jumping Jacks,30
426,Lawnmower (label spans both arms),30
427,Lawnmower (left arm),20
428,Lawnmower (right arm),20
429,"Lunge (alternating both legs, weight optional)",20
430,Medicine Ball Slam,10
431,Non-Exercise,-1
432,Overhead Triceps Extension,14
433,Plank,-1
434,Power Boat pose,-1
435,Pushup (knee or foot variation),15
436,Pushups,15
437,Rowing machine,-1
438,Running (treadmill),-1
439,Russian Twist,20
440,Shoulder Press (dumbbell),20
441,Side Plank Left side,-1
442,Side Plank Right side,-1
443,Sit-up (hands positioned behind head),15
444,Sit-ups,30
445,Squat,30
446,"Squat (arms in front of body, parallel to ground)",20
447,Squat (hands behind head),20
448,Squat (kettlebell / goblet),20
449,Squat Jump,20
450,Tap Left Device,-1
451,Tap Right Device,-1
452,Triceps Kickback (knee on bench) (label spans both arms),30
453,Triceps extension (lying down),20
454,"Two-arm Dumbbell Curl (both arms, not alternating)",20
455,V-up,16
456,Walk,-1
457,Walking lunge,30
458,Wall Ball,10
459,Arm Band Adjustment,-1
460,Band Pull-Down Row,15
461,Bicep Curl,30
462,Biceps Curl (band),15
463,Box Jump (on bench),10
464,Burpee,12
465,Chest Press (rack),15
466,Device on Table,-1
467,Dip,15
468,Dumbbell Deadlift Row,30
469,Dumbbell Row (knee on bench) (label spans both arms),30
470,Elliptical machine,-1
471,Jumping Jacks,30
472,Lawnmower (label spans both arms),20
473,Lawnmower (left arm),15
474,Lawnmower (right arm),15
475,"Lunge (alternating both legs, weight optional)",20
476,Medicine Ball Slam,10
477,Non-Exercise,-1
478,Overhead Triceps Extension,15
479,Plank,-1
480,Power Boat pose,-1
481,Pushup (knee or foot variation),20
482,Pushups,16
483,Rowing machine,-1
484,Running (treadmill),-1
485,Russian Twist,21
486,Shoulder Press (dumbbell),15
487,Side Plank Left side,-1
488,Side Plank Right side,-1
489,Sit-up (hands positioned behind head),20
490,Sit-ups,30
491,Squat,30
492,"Squat (arms in front of body, parallel to ground)",30
493,Squat (hands behind head),15
494,Squat (kettlebell / goblet),15
495,Squat Jump,22
496,Tap Left Device,-1
497,Tap Right Device,-1
498,Triceps Kickback (knee on bench) (label spans both arms),30
499,Triceps extension (lying down),15
500,"Two-arm Dumbbell Curl (both arms, not alternating)",20
501,V-up,15
502,Walk,-1
503,Walking lunge,30
504,Wall Ball,10
505,Bicep Curl,20
506,Device on Table,-1
507,Dumbbell Deadlift Row,18
508,Jumping Jacks,27
509,Non-Exercise,-1
510,Plank,-1
511,Power Boat pose,-1
512,Pushups,21
513,Side Plank Left side,-1
514,Side Plank Right side,-1
515,Sit-ups,24
516,Squat,20
517,Squat Jump,18
518,Tap Left Device,-1
519,Tap Right Device,-1
520,Walk,-1
521,Walking lunge,18
522,Bicep Curl,25
523,Device on Table,-1
524,Dumbbell Deadlift Row,26
525,Jumping Jacks,25
526,Non-Exercise,-1
527,Plank,-1
528,Power Boat pose,-1
529,Pushups,17
530,Repetitive Stretching,-1
531,Side Plank Left side,-1
532,Side Plank Right side,-1
533,Sit-ups,30
534,Squat,25
535,Squat Jump,25
536,Tap Left Device,-1
537,Tap Right Device,-1
538,Walk,-1
539,Walking lunge,30
540,Bicep Curl,30
541,Device on Table,-1
542,Dumbbell Deadlift Row,21
543,Jumping Jacks,30
544,Non-Exercise,-1
545,Plank,-1
546,Power Boat pose,-1
547,Pushups,15
548,Side Plank Left side,-1
549,Side Plank Right side,-1
550,Sit-ups,25
551,Squat,19
552,Squat Jump,20
553,Tap Left Device,-1
554,Tap Right Device,-1
555,Walk,-1
556,Walking lunge,30
557,Burpee,9
558,Device on Table,-1
559,Dip,21
560,Dumbbell Row (knee on bench) (label spans both arms),30
561,"Lunge (alternating both legs, weight optional)",20
562,Non-Exercise,-1
563,Overhead Triceps Extension,20
564,Plank,-1
565,Pushup (knee or foot variation),20
566,Repetitive Stretching,-1
567,Shoulder Press (dumbbell),20
568,Sit-up (hands positioned behind head),21
569,"Squat (arms in front of body, parallel to ground)",20
570,Tap Left Device,-1
571,Tap Right Device,-1
572,Triceps Kickback (knee on bench) (label spans both arms),30
573,"Two-arm Dumbbell Curl (both arms, not alternating)",21
574,V-up,15
575,Burpee,15
576,Device on Table,-1
577,Dip,20
578,Dumbbell Row (knee on bench) (label spans both arms),30
579,"Lunge (alternating both legs, weight optional)",30
580,Non-Exercise,-1
581,Overhead Triceps Extension,20
582,Plank,-1
583,Pushup (knee or foot variation),15
584,Repetitive Stretching,-1
585,Shoulder Press (dumbbell),15
586,Sit-up (hands positioned behind head),17
587,"Squat (arms in front of body, parallel to ground)",30
588,Static stretch,-1
589,Tap Left Device,-1
590,Tap Right Device,-1
591,Triceps Kickback (knee on bench) (label spans both arms),30
592,"Two-arm Dumbbell Curl (both arms, not alternating)",20
593,V-up,20
594,Arm Band Adjustment,-1
595,Burpee,9
596,Device on Table,-1
597,Dip,15
598,Dumbbell Row (knee on bench) (label spans both arms),29
599,"Lunge (alternating both legs, weight optional)",22
600,Non-Exercise,-1
601,Overhead Triceps Extension,20
602,Plank,-1
603,Pushup (knee or foot variation),21
604,Shoulder Press (dumbbell),15
605,Sit-up (hands positioned behind head),15
606,"Squat (arms in front of body, parallel to ground)",30
607,Static stretch,-1
608,Tap Left Device,-1
609,Tap Right Device,-1
610,Triceps Kickback (knee on bench) (label spans both arms),30
611,"Two-arm Dumbbell Curl (both arms, not alternating)",19
612,V-up,16
613,Burpee,9
614,Device on Table,-1
615,Dip,20
616,Dumbbell Row (knee on bench) (label spans both arms),30
617,"Lunge (alternating both legs, weight optional)",20
618,Non-Exercise,-1
619,Overhead Triceps Extension,19
620,Plank,-1
621,Pushup (knee or foot variation),18
622,Repetitive Stretching,-1
623,Shoulder Press (dumbbell),16
624,Sit-up (hands positioned behind head),21
625,"Squat (arms in front of body, parallel to ground)",27
626,Static stretch,-1
627,Tap Left Device,-1
628,Tap Right Device,-1
629,Triceps Kickback (knee on bench) (label spans both arms),30
630,"Two-arm Dumbbell Curl (both arms, not alternating)",18
631,V-up,17
632,Bicep Curl,31
633,Device on Table,-1
634,Dumbbell Deadlift Row,30
635,Jumping Jacks,27
636,Non-Exercise,-1
637,Plank,-1
638,Power Boat pose,-1
639,Pushups,20
640,Side Plank Left side,-1
641,Side Plank Right side,-1
642,Sit-ups,29
643,Squat,30
644,Squat Jump,30
645,Tap Left Device,-1
646,Tap Right Device,-1
647,Walk,-1
648,Walking lunge,30
649,Arm Band Adjustment,-1
650,Bicep Curl,29
651,Device on Table,-1
652,Dumbbell Deadlift Row,30
653,Jumping Jacks,30
654,Non-Exercise,-1
655,Plank,-1
656,Power Boat pose,-1
657,Pushups,15
658,Side Plank Left side,-1
659,Side Plank Right side,-1
660,Sit-ups,29
661,Squat,30
662,Squat Jump,30
663,Tap Left Device,-1
664,Tap Right Device,-1
665,Walk,-1
666,Walking lunge,28
667,Bicep Curl,30
668,Device on Table,-1
669,Dumbbell Deadlift Row,20
670,Jumping Jacks,30
671,Non-Exercise,-1
672,Plank,-1
673,Power Boat pose,-1
674,Pushups,18
675,Side Plank Left side,-1
676,Side Plank Right side,-1
677,Sit-ups,21
678,Squat,30
679,Squat Jump,20
680,Tap Left Device,-1
681,Tap Right Device,-1
682,Walk,-1
683,Walking lunge,30
684,Bicep Curl,30
685,Device on Table,-1
686,Dumbbell Deadlift Row,30
687,Jumping Jacks,30
688,Non-Exercise,-1
689,Plank,-1
690,Power Boat pose,-1
691,Pushups,18
692,Side Plank Left side,-1
693,Side Plank Right side,-1
694,Sit-ups,29
695,Squat,30
696,Squat Jump,20
697,Tap Left Device,-1
698,Tap Right Device,-1
699,Walk,-1
700,Walking lunge,30
701,Bicep Curl,30
702,Device on Table,-1
703,Dumbbell Deadlift Row,30
704,Jumping Jacks,30
705,Non-Exercise,-1
706,Plank,-1
707,Power Boat pose,-1
708,Pushups,20
709,Side Plank Left side,-1
710,Side Plank Right side,-1
711,Sit-ups,30
712,Squat,30
713,Squat Jump,30
714,Tap Left Device,-1
715,Tap Right Device,-1
716,Walk,-1
717,Walking lunge,30
718,Burpee,9
719,Device on Table,-1
720,Dip,19
721,Dumbbell Row (knee on bench) (label spans both arms),22
722,"Lunge (alternating both legs, weight optional)",24
723,Non-Exercise,-1
724,Overhead Triceps Extension,14
725,Plank,-1
726,Pushup (knee or foot variation),14
727,Repetitive Stretching,-1
728,Shoulder Press (dumbbell),17
729,Sit-up (hands positioned behind head),19
730,"Squat (arms in front of body, parallel to ground)",15
731,Static stretch,-1
732,Tap Left Device,-1
733,Tap Right Device,-1
734,Triceps Kickback (knee on bench) (label spans both arms),38
735,"Two-arm Dumbbell Curl (both arms, not alternating)",20
736,V-up,17
737,Arm Band Adjustment,-1
738,Burpee,15
739,Device on Table,-1
740,Dip,20
741,Dumbbell Row (knee on bench) (label spans both arms),30
742,"Lunge (alternating both legs, weight optional)",20
743,Non-Exercise,-1
744,Note,-1
745,Overhead Triceps Extension,20
746,Plank,-1
747,Pushup (knee or foot variation),20
748,Shoulder Press (dumbbell),15
749,Sit-up (hands positioned behind head),20
750,"Squat (arms in front of body, parallel to ground)",30
751,Tap Left Device,-1
752,Tap Right Device,-1
753,Triceps Kickback (knee on bench) (label spans both arms),30
754,"Two-arm Dumbbell Curl (both arms, not alternating)",20
755,V-up,20
756,Burpee,8
757,Device on Table,-1
758,Dip,14
759,Dumbbell Row (knee on bench) (label spans both arms),20
760,"Lunge (alternating both legs, weight optional)",19
761,Non-Exercise,-1
762,Overhead Triceps Extension,17
763,Plank,-1
764,Pushup (knee or foot variation),20
765,Shoulder Press (dumbbell),15
766,Sit-up (hands positioned behind head),20
767,"Squat (arms in front of body, parallel to ground)",30
768,Static stretch,-1
769,Tap Left Device,-1
770,Tap Right Device,-1
771,Triceps Kickback (knee on bench) (label spans both arms),20
772,"Two-arm Dumbbell Curl (both arms, not alternating)",20
773,V-up,15
774,Band Pull-Down Row,20
775,Biceps Curl (band),20
776,Burpee,15
777,Butterfly Sit-up,30
778,Chest Press (rack),22
779,Crunch,30
780,Device on Table,-1
781,Dip,21
782,Dumbbell Row (knee on bench) (left arm),14
783,Dumbbell Row (knee on bench) (right arm),15
784,Dumbbell Squat (hands at side),20
785,Dynamic Stretch (at your own pace),-1
786,Elliptical machine,-1
787,Fast Alternating Punches,100
788,Jump Rope,-1
789,Kettlebell Swing,20
790,Lateral Raise,15
791,Lawnmower (left arm),15
792,Lawnmower (right arm),15
793,"Lunge (alternating both legs, weight optional)",21
794,Medicine Ball Slam,21
795,Non-Exercise,-1
796,Overhead Triceps Extension,16
797,Plank,-1
798,Pushup (knee or foot variation),19
799,Rowing machine,-1
800,Running (treadmill),-1
801,Russian Twist,40
802,Seated Back Fly,15
803,Shoulder Press (dumbbell),15
804,Sit-up (hands positioned behind head),20
805,"Squat (arms in front of body, parallel to ground)",20
806,Squat (hands behind head),20
807,Squat (kettlebell / goblet),15
808,Squat Rack Shoulder Press,15
809,Static Stretch (at your own pace),-1
810,Static stretch,-1
811,Tap Left Device,-1
812,Tap Right Device,-1
813,Triceps Kickback (knee on bench) (left arm),10
814,Triceps Kickback (knee on bench) (right arm),10
815,Triceps extension (lying down),20
816,"Two-arm Dumbbell Curl (both arms, not alternating)",15
817,V-up,15
818,Wall Ball,15
819,Wall Squat,-1
820,Burpee,10
821,Device on Table,-1
822,Dip,15
823,Dumbbell Row (knee on bench) (left arm),14
824,Dumbbell Row (knee on bench) (right arm),15
825,"Lunge (alternating both legs, weight optional)",21
826,Non-Exercise,-1
827,Overhead Triceps Extension,14
828,Plank,-1
829,Pushup (knee or foot variation),15
830,Shoulder Press (dumbbell),15
831,Sit-up (hands positioned behind head),20
832,"Squat (arms in front of body, parallel to ground)",20
833,Static stretch,-1
834,Tap Left Device,-1
835,Tap Right Device,-1
836,Triceps Kickback (knee on bench) (right arm),15
837,"Two-arm Dumbbell Curl (both arms, not alternating)",15
838,V-up,18
839,Band Pull-Down Row,17
840,Biceps Curl (band),15
841,Burpee,9
842,Chest Press (rack),19
843,Device on Table,-1
844,Dip,15
845,Dumbbell Row (knee on bench) (left arm),15
846,Dumbbell Row (knee on bench) (right arm),14
847,Elliptical machine,-1
848,Lawnmower (left arm),15
849,Lawnmower (right arm),15
850,"Lunge (alternating both legs, weight optional)",20
851,Medicine Ball Slam,15
852,Non-Exercise,-1
853,Overhead Triceps Extension,10
854,Plank,-1
855,Pushup (knee or foot variation),20
856,Rowing machine,-1
857,Running (treadmill),-1
858,Shoulder Press (dumbbell),15
859,Sit-up (hands positioned behind head),20
860,"Squat (arms in front of body, parallel to ground)",10
861,Squat (hands behind head),15
862,Squat (kettlebell / goblet),15
863,Static stretch,-1
864,Tap Left Device,-1
865,Tap Right Device,-1
866,Triceps Kickback (knee on bench) (label spans both arms),20
867,Triceps extension (lying down),15
868,"Two-arm Dumbbell Curl (both arms, not alternating)",12
869,V-up,15
870,Wall Ball,16
871,Burpee,14
872,Device on Table,-1
873,Dip,20
874,Dumbbell Row (knee on bench) (left arm),15
875,Dumbbell Row (knee on bench) (right arm),15
876,"Lunge (alternating both legs, weight optional)",20
877,Non-Exercise,-1
878,Overhead Triceps Extension,20
879,Plank,-1
880,Pushup (knee or foot variation),20
881,Shoulder Press (dumbbell),15
882,Sit-up (hands positioned behind head),20
883,"Squat (arms in front of body, parallel to ground)",30
884,Static stretch,-1
885,Tap Left Device,-1
886,Tap Right Device,-1
887,Triceps Kickback (knee on bench) (left arm),15
888,Triceps Kickback (knee on bench) (right arm),15
889,"Two-arm Dumbbell Curl (both arms, not alternating)",20
890,V-up,15
891,Burpee,7
892,Device on Table,-1
893,Dip,7
894,Dumbbell Row (knee on bench) (label spans both arms),24
895,"Lunge (alternating both legs, weight optional)",19
896,Non-Exercise,-1
897,Overhead Triceps Extension (label spans both arms),19
898,Plank,-1
899,Pushup (knee or foot variation),18
900,Shoulder Press (dumbbell),14
901,Sit-up (hands positioned behind head),15
902,"Squat (arms in front of body, parallel to ground)",13
903,Static stretch,-1
904,Tap Left Device,-1
905,Tap Right Device,-1
906,Triceps Kickback (knee on bench) (label spans both arms),31
907,"Two-arm Dumbbell Curl (both arms, not alternating)",18
908,V-up,15
909,Burpee,10
910,Device on Table,-1
911,Dip,19
912,Dumbbell Row (knee on bench) (label spans both arms),30
913,"Lunge (alternating both legs, weight optional)",20
914,Non-Exercise,-1
915,Overhead Triceps Extension,15
916,Plank,-1
917,Pushup (knee or foot variation),15
918,Shoulder Press (dumbbell),15
919,Sit-up (hands positioned behind head),15
920,"Squat (arms in front of body, parallel to ground)",20
921,Static stretch,-1
922,Tap Left Device,-1
923,Tap Right Device,-1
924,Triceps Kickback (knee on bench) (label spans both arms),20
925,"Two-arm Dumbbell Curl (both arms, not alternating)",15
926,V-up,15
927,Burpee,10
928,Device on Table,-1
929,Dip,15
930,Dumbbell Row (knee on bench) (label spans both arms),40
931,"Lunge (alternating both legs, weight optional)",20
932,Non-Exercise,-1
933,Overhead Triceps Extension,20
934,Plank,-1
935,Pushup (knee or foot variation),15
936,Shoulder Press (dumbbell),21
937,Sit-up (hands positioned behind head),20
938,"Squat (arms in front of body, parallel to ground)",30
939,Static stretch,-1
940,Tap Left Device,-1
941,Tap Right Device,-1
942,Triceps Kickback (knee on bench) (label spans both arms),30
943,"Two-arm Dumbbell Curl (both arms, not alternating)",35
944,V-up,15
945,Arm Band Adjustment,-1
946,Burpee,13
947,Device on Table,-1
948,Dip,21
949,Dumbbell Row (knee on bench) (label spans both arms),40
950,"Lunge (alternating both legs, weight optional)",22
951,Non-Exercise,-1
952,Overhead Triceps Extension,15
953,Plank,-1
954,Pushup (knee or foot variation),17
955,Shoulder Press (dumbbell),20
956,Sit-up (hands positioned behind head),20
957,"Squat (arms in front of body, parallel to ground)",20
958,Static stretch,-1
959,Tap Left Device,-1
960,Tap Right Device,-1
961,Triceps Kickback (knee on bench) (label spans both arms),31
962,"Two-arm Dumbbell Curl (both arms, not alternating)",19
963,V-up,17
964,Burpee,10
965,Device on Table,-1
966,Dip,15
967,Dumbbell Row (knee on bench) (label spans both arms),40
968,"Lunge (alternating both legs, weight optional)",20
969,Non-Exercise,-1
970,Overhead Triceps Extension,18
971,Plank,-1
972,Pushup (knee or foot variation),20
973,Shoulder Press (dumbbell),20
974,Sit-up (hands positioned behind head),14
975,"Squat (arms in front of body, parallel to ground)",30
976,Static stretch,-1
977,Tap Left Device,-1
978,Tap Right Device,-1
979,Triceps Kickback (knee on bench) (label spans both arms),30
980,"Two-arm Dumbbell Curl (both arms, not alternating)",21
981,V-up,15
982,Burpee,15
983,Device on Table,-1
984,Dip,20
985,Dumbbell Row (knee on bench) (label spans both arms),40
986,"Lunge (alternating both legs, weight optional)",15
987,Non-Exercise,-1
988,Overhead Triceps Extension,15
989,Plank,-1
990,Pushup (knee or foot variation),20
991,Shoulder Press (dumbbell),20
992,Sit-up (hands positioned behind head),20
993,"Squat (arms in front of body, parallel to ground)",30
994,Static stretch,-1
995,Tap Left Device,-1
996,Tap Right Device,-1
997,Triceps Kickback (knee on bench) (label spans both arms),30
998,"Two-arm Dumbbell Curl (both arms, not alternating)",20
999,V-up,20
1000,Burpee,11
1001,Device on Table,-1
1002,Dip,15
1003,Dumbbell Row (knee on bench) (label spans both arms),30
1004,"Lunge (alternating both legs, weight optional)",16
1005,Non-Exercise,-1
1006,Overhead Triceps Extension,17
1007,Plank,-1
1008,Pushup (knee or foot variation),18
1009,Shoulder Press (dumbbell),18
1010,Sit-up (hands positioned behind head),20
1011,"Squat (arms in front of body, parallel to ground)",22
1012,Static stretch,-1
1013,Tap Left Device,-1
1014,Tap Right Device,-1
1015,Triceps Kickback (knee on bench) (label spans both arms),30
1016,"Two-arm Dumbbell Curl (both arms, not alternating)",20
1017,V-up,15
1018,Burpee,10
1019,Device on Table,-1
1020,Dip,10
1021,Dumbbell Row (knee on bench) (label spans both arms),30
1022,"Lunge (alternating both legs, weight optional)",20
1023,Non-Exercise,-1
1024,Overhead Triceps Extension,20
1025,Plank,-1
1026,Pushup (knee or foot variation),15
1027,Shoulder Press (dumbbell),20
1028,Sit-up (hands positioned behind head),15
1029,"Squat (arms in front of body, parallel to ground)",20
1030,Static stretch,-1
1031,Tap Left Device,-1
1032,Tap Right Device,-1
1033,Triceps Kickback (knee on bench) (label spans both arms),30
1034,"Two-arm Dumbbell Curl (both arms, not alternating)",20
1035,V-up,9
1036,Arm Band Adjustment,-1
1037,Burpee,15
1038,Device on Table,-1
1039,Dip,17
1040,Dumbbell Row (knee on bench) (label spans both arms),30
1041,"Lunge (alternating both legs, weight optional)",20
1042,Non-Exercise,-1
1043,Overhead Triceps Extension,21
1044,Plank,-1
1045,Pushup (knee or foot variation),15
1046,Shoulder Press (dumbbell),17
1047,Sit-up (hands positioned behind head),16
1048,"Squat (arms in front of body, parallel to ground)",25
1049,Static stretch,-1
1050,Tap Left Device,-1
1051,Tap Right Device,-1
1052,Triceps Kickback (knee on bench) (label spans both arms),30
1053,"Two-arm Dumbbell Curl (both arms, not alternating)",21
1054,V-up,15
1055,Arm Band Adjustment,-1
1056,Burpee,15
1057,Device on Table,-1
1058,Dip,19
1059,Dumbbell Row (knee on bench) (label spans both arms),40
1060,"Lunge (alternating both legs, weight optional)",30
1061,Non-Exercise,-1
1062,Overhead Triceps Extension,20
1063,Plank,-1
1064,Pushup (knee or foot variation),20
1065,Shoulder Press (dumbbell),20
1066,Sit-up (hands positioned behind head),15
1067,"Squat (arms in front of body, parallel to ground)",30
1068,Static stretch,-1
1069,Tap Left Device,-1
1070,Tap Right Device,-1
1071,Triceps Kickback (knee on bench) (label spans both arms),30
1072,"Two-arm Dumbbell Curl (both arms, not alternating)",20
1073,V-up,15
1074,Burpee,14
1075,Device on Table,-1
1076,Dip,21
1077,Dumbbell Row (knee on bench) (label spans both arms),30
1078,"Lunge (alternating both legs, weight optional)",16
1079,Non-Exercise,-1
1080,Overhead Triceps Extension,15
1081,Plank,-1
1082,Pushup (knee or foot variation),15
1083,Shoulder Press (dumbbell),20
1084,Sit-up (hands positioned behind head),20
1085,"Squat (arms in front of body, parallel to ground)",20
1086,Static stretch,-1
1087,Tap Left Device,-1
1088,Tap Right Device,-1
1089,Triceps Kickback (knee on bench) (label spans both arms),30
1090,"Two-arm Dumbbell Curl (both arms, not alternating)",26
1091,V-up,16
1092,Burpee,14
1093,Device on Table,-1
1094,Dip,20
1095,Dumbbell Row (knee on bench) (label spans both arms),30
1096,"Lunge (alternating both legs, weight optional)",20
1097,Non-Exercise,-1
1098,Overhead Triceps Extension,20
1099,Plank,-1
1100,Pushup (knee or foot variation),20
1101,Shoulder Press (dumbbell),20
1102,Sit-up (hands positioned behind head),20
1103,"Squat (arms in front of body, parallel to ground)",30
1104,Static stretch,-1
1105,Tap Left Device,-1
1106,Tap Right Device,-1
1107,Triceps Kickback (knee on bench) (label spans both arms),30
1108,"Two-arm Dumbbell Curl (both arms, not alternating)",20
1109,V-up,20
1110,Burpee,11
1111,Device on Table,-1
1112,Dip,15
1113,Dumbbell Row (knee on bench) (label spans both arms),30
1114,"Lunge (alternating both legs, weight optional)",10
1115,Non-Exercise,-1
1116,Overhead Triceps Extension,15
1117,Plank,-1
1118,Pushup (knee or foot variation),15
1119,Shoulder Press (dumbbell),15
1120,Sit-up (hands positioned behind head),20
1121,"Squat (arms in front of body, parallel to ground)",20
1122,Static stretch,-1
1123,Tap Left Device,-1
1124,Tap Right Device,-1
1125,Triceps Kickback (knee on bench) (label spans both arms),20
1126,"Two-arm Dumbbell Curl (both arms, not alternating)",15
1127,V-up,15
1128,Burpee,10
1129,Device on Table,-1
1130,Dip,20
1131,Dumbbell Row (knee on bench) (label spans both arms),30
1132,"Lunge (alternating both legs, weight optional)",20
1133,Non-Exercise,-1
1134,Overhead Triceps Extension (label spans both arms),40
1135,Plank,-1
1136,Pushup (knee or foot variation),30
1137,Shoulder Press (dumbbell),15
1138,Sit-up (hands positioned behind head),20
1139,"Squat (arms in front of body, parallel to ground)",25
1140,Static stretch,-1
1141,Tap Left Device,-1
1142,Tap Right Device,-1
1143,Triceps Kickback (knee on bench) (label spans both arms),40
1144,"Two-arm Dumbbell Curl (both arms, not alternating)",20
1145,V-up,15
1146,Burpee,10
1147,Device on Table,-1
1148,Dip,15
1149,Dumbbell Row (knee on bench) (label spans both arms),29
1150,"Lunge (alternating both legs, weight optional)",20
1151,Non-Exercise,-1
1152,Overhead Triceps Extension,20
1153,Plank,-1
1154,Pushup (knee or foot variation),15
1155,Shoulder Press (dumbbell),16
1156,Sit-up (hands positioned behind head),15
1157,"Squat (arms in front of body, parallel to ground)",15
1158,Static stretch,-1
1159,Tap Left Device,-1
1160,Tap Right Device,-1
1161,Triceps Kickback (knee on bench) (label spans both arms),31
1162,"Two-arm Dumbbell Curl (both arms, not alternating)",17
1163,V-up,13
1164,Band Pull-Down Row,60
1165,Biceps Curl (band),50
1166,Burpee,10
1167,Chest Press (rack),10
1168,Device on Table,-1
1169,Dip,10
1170,Dumbbell Row (knee on bench) (left arm),10
1171,Dumbbell Row (knee on bench) (right arm),10
1172,Elliptical machine,-1
1173,Lawnmower (left arm),20
1174,Lawnmower (right arm),20
1175,"Lunge (alternating both legs, weight optional)",20
1176,Medicine Ball Slam,20
1177,Non-Exercise,-1
1178,Overhead Triceps Extension,10
1179,Plank,-1
1180,Pushup (knee or foot variation),25
1181,Rowing machine,-1
1182,Running (treadmill),-1
1183,Shoulder Press (dumbbell),10
1184,Sit-up (hands positioned behind head),30
1185,"Squat (arms in front of body, parallel to ground)",10
1186,Squat (hands behind head),20
1187,Squat (kettlebell / goblet),20
1188,Static stretch,-1
1189,Tap Left Device,-1
1190,Tap Right Device,-1
1191,Triceps Kickback (knee on bench) (left arm),10
1192,Triceps Kickback (knee on bench) (right arm),10
1193,Triceps extension (lying down),20
1194,"Two-arm Dumbbell Curl (both arms, not alternating)",10
1195,Unlisted Exercise,-1
1196,V-up,10
1197,Wall Ball,21
1198,Butterfly Sit-up,18
1199,Crunch,30
1200,Device on Table,-1
1201,Dumbbell Squat (hands at side),25
1202,Dynamic Stretch (at your own pace),-1
1203,Fast Alternating Punches,100
1204,Jump Rope,-1
1205,Kettlebell Swing,22
1206,Lateral Raise,18
1207,Non-Exercise,-1
1208,Russian Twist,50
1209,Seated Back Fly,18
1210,Squat Rack Shoulder Press,14
1211,Static Stretch (at your own pace),-1
1212,Tap Left Device,-1
1213,Tap Right Device,-1
1214,Wall Squat,-1
1215,Butterfly Sit-up,20
1216,Crunch,20
1217,Device on Table,-1
1218,Dumbbell Squat (hands at side),20
1219,Dynamic Stretch (at your own pace),-1
1220,Fast Alternating Punches,100
1221,Jump Rope,-1
1222,Kettlebell Swing,20
1223,Lateral Raise,20
1224,Non-Exercise,-1
1225,Russian Twist,25
1226,Seated Back Fly,14
1227,Squat Rack Shoulder Press,2
1228,Static Stretch (at your own pace),-1
1229,Tap Left Device,-1
1230,Tap Right Device,-1
1231,Wall Squat,-1
1232,Arm Band Adjustment,-1
1233,Butterfly Sit-up,13
1234,Crunch,50
1235,Device on Table,-1
1236,Dumbbell Squat (hands at side),25
1237,Dynamic Stretch (at your own pace),-1
1238,Fast Alternating Punches,100
1239,Jump Rope,-1
1240,Kettlebell Swing,25
1241,Lateral Raise,1
1242,Non-Exercise,-1
1243,Russian Twist,44
1244,Seated Back Fly,13
1245,Squat Rack Shoulder Press,22
1246,Static Stretch (at your own pace),-1
1247,Tap Left Device,-1
1248,Tap Right Device,-1
1249,Wall Squat,-1
1250,Burpee,12
1251,Device on Table,-1
1252,Dip,20
1253,Dumbbell Row (knee on bench) (left arm),15
1254,Dumbbell Row (knee on bench) (right arm),15
1255,"Lunge (alternating both legs, weight optional)",21
1256,Non-Exercise,-1
1257,Overhead Triceps Extension,20
1258,Plank,-1
1259,Pushup (knee or foot variation),20
1260,Shoulder Press (dumbbell),15
1261,Sit-up (hands positioned behind head),20
1262,"Squat (arms in front of body, parallel to ground)",20
1263,Static stretch,-1
1264,Tap Left Device,-1
1265,Tap Right Device,-1
1266,Triceps Kickback (knee on bench) (left arm),12
1267,Triceps Kickback (knee on bench) (right arm),13
1268,"Two-arm Dumbbell Curl (both arms, not alternating)",15
1269,V-up,15
1270,Burpee,10
1271,Butterfly Sit-up,29
1272,Crunch,29
1273,Device on Table,-1
1274,Dip,20
1275,Dumbbell Row (knee on bench) (left arm),15
1276,Dumbbell Row (knee on bench) (right arm),15
1277,Dumbbell Squat (hands at side),25
1278,Dynamic Stretch (at your own pace),-1
1279,Fast Alternating Punches,-1
1280,Jump Rope,-1
1281,Kettlebell Swing,20
1282,Lateral Raise,20
1283,"Lunge (alternating both legs, weight optional)",24
1284,Non-Exercise,-1
1285,Overhead Triceps Extension,20
1286,Plank,-1
1287,Pushup (knee or foot variation),20
1288,Russian Twist,60
1289,Seated Back Fly,15
1290,Shoulder Press (dumbbell),20
1291,Sit-up (hands positioned behind head),20
1292,"Squat (arms in front of body, parallel to ground)",30
1293,Squat Rack Shoulder Press,20
1294,Static Stretch (at your own pace),-1
1295,Static stretch,-1
1296,Tap Left Device,-1
1297,Tap Right Device,-1
1298,Triceps Kickback (knee on bench) (left arm),15
1299,Triceps Kickback (knee on bench) (right arm),15
1300,"Two-arm Dumbbell Curl (both arms, not alternating)",20
1301,V-up,20
1302,Wall Squat,-1
1303,Arm Band Adjustment,-1
1304,Band Pull-Down Row,15
1305,Biceps Curl (band),15
1306,Burpee,10
1307,Chest Press (rack),15
1308,Device on Table,-1
1309,Dip,15
1310,Dumbbell Row (knee on bench) (left arm),10
1311,Dumbbell Row (knee on bench) (right arm),10
1312,Elliptical machine,-1
1313,Lawnmower (left arm),15
1314,Lawnmower (right arm),15
1315,"Lunge (alternating both legs, weight optional)",21
1316,Medicine Ball Slam,14
1317,Non-Exercise,-1
1318,Overhead Triceps Extension,16
1319,Plank,-1
1320,Pushup (knee or foot variation),15
1321,Rowing machine,-1
1322,Running (treadmill),-1
1323,Shoulder Press (dumbbell),15
1324,Sit-up (hands positioned behind head),15
1325,"Squat (arms in front of body, parallel to ground)",20
1326,Squat (hands behind head),15
1327,Squat (kettlebell / goblet),15
1328,Static stretch,-1
1329,Tap Left Device,-1
1330,Tap Right Device,-1
1331,Triceps Kickback (knee on bench) (left arm),10
1332,Triceps Kickback (knee on bench) (right arm),10
1333,Triceps extension (lying down),15
1334,"Two-arm Dumbbell Curl (both arms, not alternating)",15
1335,V-up,15
1336,Wall Ball,15
1337,Band Pull-Down Row,16
1338,Biceps Curl (band),16
1339,Burpee,12
1340,Chest Press (rack),16
1341,Device on Table,-1
1342,Dip,16
1343,Dumbbell Row (knee on bench) (left arm),15
1344,Dumbbell Row (knee on bench) (right arm),15
1345,Elliptical machine,-1
1346,Lawnmower (left arm),16
1347,Lawnmower (right arm),16
1348,"Lunge (alternating both legs, weight optional)",20
1349,Medicine Ball Slam,16
1350,Non-Exercise,-1
1351,Overhead Triceps Extension,21
1352,Plank,-1
1353,Pushup (knee or foot variation),15
1354,Rowing machine,-1
1355,Running (treadmill),-1
1356,Shoulder Press (dumbbell),20
1357,Sit-up (hands positioned behind head),19
1358,"Squat (arms in front of body, parallel to ground)",21
1359,Squat (hands behind head),16
1360,Squat (kettlebell / goblet),15
1361,Static stretch,-1
1362,Tap Left Device,-1
1363,Tap Right Device,-1
1364,Triceps Kickback (knee on bench) (left arm),16
1365,Triceps Kickback (knee on bench) (right arm),14
1366,Triceps extension (lying down),16
1367,"Two-arm Dumbbell Curl (both arms, not alternating)",20
1368,V-up,15
1369,Wall Ball,16
1370,Burpee,15
1371,Device on Table,-1
1372,Dip,15
1373,Dumbbell Row (knee on bench) (left arm),15
1374,Dumbbell Row (knee on bench) (right arm),15
1375,"Lunge (alternating both legs, weight optional)",20
1376,Non-Exercise,-1
1377,Overhead Triceps Extension,20
1378,Plank,-1
1379,Pushup (knee or foot variation),15
1380,Shoulder Press (dumbbell),20
1381,Sit-up (hands positioned behind head),10
1382,"Squat (arms in front of body, parallel to ground)",30
1383,Static stretch,-1
1384,Tap Left Device,-1
1385,Tap Right Device,-1
1386,Triceps Kickback (knee on bench) (left arm),10
1387,Triceps Kickback (knee on bench) (right arm),10
1388,"Two-arm Dumbbell Curl (both arms, not alternating)",20
1389,V-up,10
1390,Burpee,10
1391,Device on Table,-1
1392,Dip,14
1393,Dumbbell Row (knee on bench) (left arm),15
1394,Dumbbell Row (knee on bench) (right arm),15
1395,"Lunge (alternating both legs, weight optional)",20
1396,Non-Exercise,-1
1397,Overhead Triceps Extension,15
1398,Plank,-1
1399,Pushup (knee or foot variation),15
1400,Shoulder Press (dumbbell),15
1401,Sit-up (hands positioned behind head),10
1402,"Squat (arms in front of body, parallel to ground)",20
1403,Static stretch,-1
1404,Tap Left Device,-1
1405,Tap Right Device,-1
1406,Triceps Kickback (knee on bench) (left arm),16
1407,Triceps Kickback (knee on bench) (right arm),15
1408,"Two-arm Dumbbell Curl (both arms, not alternating)",20
1409,V-up,15
1410,Burpee,21
1411,Device on Table,-1
1412,Dip,20
1413,Dumbbell Row (knee on bench) (left arm),20
1414,Dumbbell Row (knee on bench) (right arm),20
1415,"Lunge (alternating both legs, weight optional)",16
1416,Non-Exercise,-1
1417,Overhead Triceps Extension,20
1418,Plank,-1
1419,Pushup (knee or foot variation),20
1420,Shoulder Press (dumbbell),20
1421,Sit-up (hands positioned behind head),20
1422,"Squat (arms in front of body, parallel to ground)",30
1423,Static stretch,-1
1424,Tap Left Device,-1
1425,Tap Right Device,-1
1426,Triceps Kickback (knee on bench) (left arm),15
1427,Triceps Kickback (knee on bench) (right arm),15
1428,"Two-arm Dumbbell Curl (both arms, not alternating)",15
1429,V-up,20
1430,Burpee,9
1431,Device on Table,-1
1432,Dip,15
1433,Dumbbell Row (knee on bench) (left arm),20
1434,Dumbbell Row (knee on bench) (right arm),18
1435,"Lunge (alternating both legs, weight optional)",20
1436,Non-Exercise,-1
1437,Overhead Triceps Extension,13
1438,Plank,-1
1439,Pushup (knee or foot variation),20
1440,Shoulder Press (dumbbell),20
1441,Sit-up (hands positioned behind head),18
1442,"Squat (arms in front of body, parallel to ground)",20
1443,Static stretch,-1
1444,Tap Left Device,-1
1445,Tap Right Device,-1
1446,Triceps Kickback (knee on bench) (left arm),15
1447,Triceps Kickback (knee on bench) (right arm),19
1448,"Two-arm Dumbbell Curl (both arms, not alternating)",15
1449,V-up,20
1450,Burpee,10
1451,Device on Table,-1
1452,Dip,18
1453,Dumbbell Row (knee on bench) (left arm),15
1454,Dumbbell Row (knee on bench) (right arm),14
1455,"Lunge (alternating both legs, weight optional)",20
1456,Non-Exercise,-1
1457,Overhead Triceps Extension,20
1458,Plank,-1
1459,Pushup (knee or foot variation),20
1460,Repetitive Stretching,-1
1461,Shoulder Press (dumbbell),15
1462,Sit-up (hands positioned behind head),20
1463,"Squat (arms in front of body, parallel to ground)",25
1464,Tap Left Device,-1
1465,Tap Right Device,-1
1466,Triceps Kickback (knee on bench) (left arm),15
1467,Triceps Kickback (knee on bench) (right arm),15
1468,"Two-arm Dumbbell Curl (both arms, not alternating)",10
1469,V-up,15
1470,Arm Band Adjustment,-1
1471,Butterfly Sit-up,20
1472,Crunch,15
1473,Device on Table,-1
1474,Dumbbell Squat (hands at side),20
1475,Dynamic Stretch (at your own pace),-1
1476,Fast Alternating Punches,15
1477,Jump Rope,-1
1478,Kettlebell Swing,15
1479,Lateral Raise,5
1480,Non-Exercise,-1
1481,Russian Twist,20
1482,Seated Back Fly,15
1483,Squat Rack Shoulder Press,16
1484,Static Stretch (at your own pace),-1
1485,Tap Left Device,-1
1486,Tap Right Device,-1
1487,Wall Squat,-1
1488,Butterfly Sit-up,15
1489,Crunch,20
1490,Device on Table,-1
1491,Dumbbell Squat (hands at side),20
1492,Dynamic Stretch (at your own pace),-1
1493,Fast Alternating Punches,50
1494,Jump Rope,-1
1495,Kettlebell Swing,20
1496,Lateral Raise,15
1497,Non-Exercise,-1
1498,Russian Twist,44
1499,Seated Back Fly,15
1500,Squat Rack Shoulder Press,5
1501,Static Stretch (at your own pace),-1
1502,Tap Left Device,-1
1503,Tap Right Device,-1
1504,Wall Squat,-1
1505,Butterfly Sit-up,30
1506,Crunch,25
1507,Device on Table,-1
1508,Dumbbell Squat (hands at side),25
1509,Dynamic Stretch (at your own pace),-1
1510,Fast Alternating Punches,93
1511,Jump Rope,-1
1512,Kettlebell Swing,20
1513,Lateral Raise,20
1514,Non-Exercise,-1
1515,Repetitive Stretching,-1
1516,Rest,-1
1517,Russian Twist,40
1518,Seated Back Fly,16
1519,Squat Rack Shoulder Press,20
1520,Static Stretch (at your own pace),-1
1521,Tap Left Device,-1
1522,Tap Right Device,-1
1523,Unlisted Exercise,-1
1524,Wall Squat,-1
1525,Arm Band Adjustment,-1
1526,Butterfly Sit-up,30
1527,Crunch,27
1528,Device on Table,-1
1529,Dumbbell Squat (hands at side),25
1530,Dynamic Stretch (at your own pace),-1
1531,Fast Alternating Punches,94
1532,Jump Rope,-1
1533,Kettlebell Swing,20
1534,Lateral Raise,20
1535,Non-Exercise,-1
1536,Russian Twist,42
1537,Seated Back Fly,20
1538,Squat Rack Shoulder Press,20
1539,Static Stretch (at your own pace),-1
1540,Tap Left Device,-1
1541,Tap Right Device,-1
1542,Wall Squat,-1
1543,Band Pull-Down Row,27
1544,Biceps Curl (band),7
1545,Butterfly Sit-up,20
1546,Chest Press (rack),9
1547,Crunch,25
1548,Device on Table,-1
1549,Dumbbell Squat (hands at side),20
1550,Dynamic Stretch (at your own pace),-1
1551,Elliptical machine,-1
1552,Fast Alternating Punches,100
1553,Jump Rope,-1
1554,Kettlebell Swing,23
1555,Lateral Raise,14
1556,Lawnmower (left arm),16
1557,Lawnmower (right arm),17
1558,Medicine Ball Slam,17
1559,Non-Exercise,-1
1560,Repetitive Stretching,-1
1561,Rowing machine,-1
1562,Running (treadmill),-1
1563,Russian Twist,40
1564,Seated Back Fly,20
1565,Squat (hands behind head),20
1566,Squat (kettlebell / goblet),14
1567,Squat Rack Shoulder Press,21
1568,Static Stretch (at your own pace),-1
1569,Tap Left Device,-1
1570,Tap Right Device,-1
1571,Triceps extension (lying down),20
1572,Wall Ball,15
1573,Wall Squat,-1
1574,Butterfly Sit-up,20
1575,Crunch,10
1576,Device on Table,-1
1577,Dumbbell Squat (hands at side),10
1578,Dynamic Stretch (at your own pace),-1
1579,Fast Alternating Punches,100
1580,Jump Rope,-1
1581,Kettlebell Swing,20
1582,Lateral Raise,9
1583,Non-Exercise,-1
1584,Russian Twist,42
1585,Seated Back Fly,18
1586,Static Stretch (at your own pace),-1
1587,Tap Right Device,-1
1588,Wall Squat,-1
1589,Butterfly Sit-up,20
1590,Crunch,30
1591,Device on Table,-1
1592,Dumbbell Squat (hands at side),20
1593,Dynamic Stretch (at your own pace),-1
1594,Fast Alternating Punches,100
1595,Jump Rope,-1
1596,Kettlebell Swing,15
1597,Lateral Raise,15
1598,Non-Exercise,-1
1599,Russian Twist,25
1600,Seated Back Fly,15
1601,Squat Rack Shoulder Press,20
1602,Static Stretch (at your own pace),-1
1603,Tap Left Device,-1
1604,Tap Right Device,-1
1605,Wall Squat,-1
1606,Butterfly Sit-up,25
1607,Crunch,30
1608,Device on Table,-1
1609,Dumbbell Squat (hands at side),25
1610,Dynamic Stretch (at your own pace),-1
1611,Fast Alternating Punches,100
1612,Jump Rope,-1
1613,Kettlebell Swing,20
1614,Lateral Raise,15
1615,Non-Exercise,-1
1616,Repetitive Stretching,-1
1617,Rest,-1
1618,Russian Twist,50
1619,Seated Back Fly,15
1620,Squat Rack Shoulder Press,20
1621,Static Stretch (at your own pace),-1
1622,Tap Left Device,-1
1623,Tap Right Device,-1
1624,Wall Squat,-1
1625,Butterfly Sit-up,30
1626,Crunch,25
1627,Device on Table,-1
1628,Dumbbell Squat (hands at side),20
1629,Dynamic Stretch (at your own pace),-1
1630,Fast Alternating Punches,-1
1631,Jump Rope,-1
1632,Kettlebell Swing,15
1633,Lateral Raise,15
1634,Non-Exercise,-1
1635,Russian Twist,50
1636,Seated Back Fly,15
1637,Squat Rack Shoulder Press,15
1638,Static Stretch (at your own pace),-1
1639,Tap Left Device,-1
1640,Tap Right Device,-1
1641,Wall Squat,-1
1642,Butterfly Sit-up,25
1643,Crunch,30
1644,Device on Table,-1
1645,Dumbbell Squat (hands at side),25
1646,Dynamic Stretch (at your own pace),-1
1647,Fast Alternating Punches,100
1648,Jump Rope,-1
1649,Kettlebell Swing,20
1650,Lateral Raise,15
1651,Non-Exercise,-1
1652,Russian Twist,40
1653,Seated Back Fly,20
1654,Squat Rack Shoulder Press,20
1655,Static Stretch (at your own pace),-1
1656,Tap Left Device,-1
1657,Tap Right Device,-1
1658,Wall Squat,-1
1659,Butterfly Sit-up,20
1660,Crunch,30
1661,Device on Table,-1
1662,Dumbbell Squat (hands at side),20
1663,Dynamic Stretch (at your own pace),-1
1664,Fast Alternating Punches,100
1665,Jump Rope,-1
1666,Kettlebell Swing,20
1667,Lateral Raise,15
1668,Non-Exercise,-1
1669,Rest,-1
1670,Russian Twist,50
1671,Seated Back Fly,21
1672,Squat Rack Shoulder Press,13
1673,Static Stretch (at your own pace),-1
1674,Tap Left Device,-1
1675,Tap Right Device,-1
1676,Wall Squat,-1
1677,Band Pull-Down Row,21
1678,Biceps Curl (band),15
1679,Butterfly Sit-up,22
1680,Chest Press (rack),20
1681,Crunch,19
1682,Device on Table,-1
1683,Dumbbell Squat (hands at side),20
1684,Dynamic Stretch (at your own pace),-1
1685,Elliptical machine,-1
1686,Fast Alternating Punches,-1
1687,Jump Rope,-1
1688,Kettlebell Swing,19
1689,Lateral Raise,15
1690,Lawnmower (left arm),15
1691,Lawnmower (right arm),15
1692,Medicine Ball Slam,20
1693,Non-Exercise,-1
1694,Rowing machine,-1
1695,Running (treadmill),-1
1696,Russian Twist,40
1697,Seated Back Fly,15
1698,Squat (hands behind head),20
1699,Squat (kettlebell / goblet),20
1700,Squat Rack Shoulder Press,14
1701,Static Stretch (at your own pace),-1
1702,Tap Left Device,-1
1703,Tap Right Device,-1
1704,Triceps extension (lying down),19
1705,Wall Ball,20
1706,Wall Squat,-1
1707,Butterfly Sit-up,30
1708,Crunch,30
1709,Device on Table,-1
1710,Dumbbell Squat (hands at side),25
1711,Dynamic Stretch (at your own pace),-1
1712,Fast Alternating Punches,100
1713,Jump Rope,-1
1714,Kettlebell Swing,20
1715,Lateral Raise,15
1716,Non-Exercise,-1
1717,Russian Twist,20
1718,Seated Back Fly,1
1719,Squat Rack Shoulder Press,15
1720,Static Stretch (at your own pace),-1
1721,Tap Left Device,-1
1722,Tap Right Device,-1
1723,Wall Squat,-1
1724,Arm Band Adjustment,-1
1725,Butterfly Sit-up,25
1726,Crunch,36
1727,Device on Table,-1
1728,Dumbbell Squat (hands at side),25
1729,Dynamic Stretch (at your own pace),-1
1730,Fast Alternating Punches,100
1731,Jump Rope,-1
1732,Kettlebell Swing,25
1733,Lateral Raise,10
1734,Non-Exercise,-1
1735,Russian Twist,50
1736,Seated Back Fly,15
1737,Squat Rack Shoulder Press,15
1738,Static Stretch (at your own pace),-1
1739,Tap Left Device,-1
1740,Tap Right Device,-1
1741,Wall Squat,-1
1742,Arm Band Adjustment,-1
1743,Crunch,20
1744,Device on Table,-1
1745,Dumbbell Squat (hands at side),21
1746,Dynamic Stretch (at your own pace),-1
1747,Fast Alternating Punches,100
1748,Jump Rope,-1
1749,Kettlebell Swing,20
1750,Lateral Raise,20
1751,Non-Exercise,-1
1752,Rest,-1
1753,Russian Twist,40
1754,Seated Back Fly,5
1755,Squat Rack Shoulder Press,15
1756,Static Stretch (at your own pace),-1
1757,Tap Left Device,-1
1758,Tap Right Device,-1
1759,Wall Squat,-1
1760,Band Pull-Down Row,15
1761,Biceps Curl (band),15
1762,Butterfly Sit-up,25
1763,Chest Press (rack),15
1764,Crunch,20
1765,Device on Table,-1
1766,Dumbbell Squat (hands at side),20
1767,Dynamic Stretch (at your own pace),-1
1768,Elliptical machine,-1
1769,Fast Alternating Punches,100
1770,Jump Rope,-1
1771,Kettlebell Swing,15
1772,Lateral Raise,15
1773,Lawnmower (left arm),15
1774,Lawnmower (right arm),14
1775,Medicine Ball Slam,15
1776,Non-Exercise,-1
1777,Rest,-1
1778,Rowing machine,-1
1779,Running (treadmill),-1
1780,Russian Twist,48
1781,Seated Back Fly,15
1782,Squat (hands behind head),15
1783,Squat (kettlebell / goblet),14
1784,Squat Rack Shoulder Press,15
1785,Static Stretch (at your own pace),-1
1786,Tap Left Device,-1
1787,Tap Right Device,-1
1788,Triceps extension (lying down),15
1789,Wall Ball,15
1790,Wall Squat,-1
1791,Band Pull-Down Row,27
1792,Biceps Curl (band),30
1793,Butterfly Sit-up,21
1794,Chest Press (rack),21
1795,Crunch,49
1796,Device on Table,-1
1797,Dumbbell Squat (hands at side),20
1798,Elliptical machine,-1
1799,Fast Alternating Punches,50
1800,Jump Rope,-1
1801,Kettlebell Swing,18
1802,Lateral Raise,12
1803,Lawnmower (left arm),21
1804,Lawnmower (right arm),23
1805,Medicine Ball Slam,28
1806,Non-Exercise,-1
1807,Repetitive Stretching,-1
1808,Rowing machine,-1
1809,Running (treadmill),-1
1810,Russian Twist,50
1811,Seated Back Fly,20
1812,Squat (hands behind head),30
1813,Squat (kettlebell / goblet),19
1814,Squat Rack Shoulder Press,15
1815,Static Stretch (at your own pace),-1
1816,Tap Left Device,-1
1817,Tap Right Device,-1
1818,Triceps extension (lying down),14
1819,Wall Ball,17
1820,Wall Squat,-1
1821,Butterfly Sit-up,30
1822,Crunch,30
1823,Device on Table,-1
1824,Dumbbell Squat (hands at side),20
1825,Dynamic Stretch (at your own pace),-1
1826,Fast Alternating Punches,100
1827,Jump Rope,-1
1828,Kettlebell Swing,25
1829,Lateral Raise,19
1830,Non-Exercise,-1
1831,Rest,-1
1832,Russian Twist,20
1833,Seated Back Fly,15
1834,Squat Rack Shoulder Press,15
1835,Static Stretch (at your own pace),-1
1836,Tap Left Device,-1
1837,Tap Right Device,-1
1838,Wall Squat,-1
1839,Band Pull-Down Row,20
1840,Biceps Curl (band),20
1841,Butterfly Sit-up,25
1842,Chest Press (rack),15
1843,Crunch,29
1844,Device on Table,-1
1845,Dumbbell Squat (hands at side),27
1846,Dynamic Stretch (at your own pace),-1
1847,Elliptical machine,-1
1848,Fast Alternating Punches,-1
1849,Jump Rope,-1
1850,Kettlebell Swing,21
1851,Lateral Raise,15
1852,Lawnmower (left arm),20
1853,Lawnmower (right arm),20
1854,Medicine Ball Slam,21
1855,Non-Exercise,-1
1856,Repetitive Stretching,-1
1857,Rowing machine,-1
1858,Running (treadmill),-1
1859,Russian Twist,25
1860,Seated Back Fly,15
1861,Squat (hands behind head),19
1862,Squat (kettlebell / goblet),20
1863,Squat Rack Shoulder Press,15
1864,Static Stretch (at your own pace),-1
1865,Tap Left Device,-1
1866,Tap Right Device,-1
1867,Triceps extension (lying down),18
1868,Wall Ball,23
1869,Wall Squat,-1
1870,Band Pull-Down Row,19
1871,Biceps Curl (band),22
1872,Device on Table,-1
1873,Elliptical machine,-1
1874,Non-Exercise,-1
1875,Rowing machine,-1
1876,Tap Left Device,-1
1877,Tap Right Device,-1
1878,Triceps extension (lying down),15
1879,Wall Ball,23
1880,Butterfly Sit-up,16
1881,Crunch,23
1882,Device on Table,-1
1883,Dumbbell Squat (hands at side),25
1884,Dynamic Stretch (at your own pace),-1
1885,Fast Alternating Punches,-1
1886,Jump Rope,-1
1887,Kettlebell Swing,14
1888,Lateral Raise,14
1889,Non-Exercise,-1
1890,Russian Twist,22
1891,Seated Back Fly,17
1892,Squat Rack Shoulder Press,12
1893,Static Stretch (at your own pace),-1
1894,Tap Left Device,-1
1895,Tap Right Device,-1
1896,Wall Squat,-1
1897,Band Pull-Down Row,20
1898,Biceps Curl (band),20
1899,Chest Press (rack),20
1900,Device on Table,-1
1901,Elliptical machine,-1
1902,Lawnmower (left arm),15
1903,Lawnmower (right arm),10
1904,Medicine Ball Slam,20
1905,Non-Exercise,-1
1906,Repetitive Stretching,-1
1907,Rowing machine,-1
1908,Running (treadmill),-1
1909,Squat (hands behind head),20
1910,Squat (kettlebell / goblet),20
1911,Tap Left Device,-1
1912,Tap Right Device,-1
1913,Triceps extension (lying down),20
1914,Wall Ball,22
1915,Alternating Dumbbell Curl,20
1916,Arm Band Adjustment,-1
1917,Band Pull-Down Row,20
1918,Biceps Curl (band),21
1919,Chest Press (rack),20
1920,Device on Table,-1
1921,Elliptical machine,-1
1922,Lawnmower (left arm),18
1923,Lawnmower (right arm),19
1924,Medicine Ball Slam,19
1925,Non-Exercise,-1
1926,Rest,-1
1927,Rowing machine,-1
1928,Running (treadmill),-1
1929,Squat (hands behind head),20
1930,Squat (kettlebell / goblet),18
1931,Tap Left Device,-1
1932,Tap Right Device,-1
1933,Triceps extension (lying down),16
1934,Wall Ball,22
1935,Butterfly Sit-up,25
1936,Crunch,30
1937,Device on Table,-1
1938,Dumbbell Squat (hands at side),20
1939,Dynamic Stretch (at your own pace),-1
1940,Fast Alternating Punches,100
1941,Jump Rope,-1
1942,Kettlebell Swing,20
1943,Lateral Raise,15
1944,Non-Exercise,-1
1945,Russian Twist,40
1946,Seated Back Fly,15
1947,Squat Rack Shoulder Press,15
1948,Static Stretch (at your own pace),-1
1949,Tap Left Device,-1
1950,Tap Right Device,-1
1951,Wall Squat,-1
1952,Arm Band Adjustment,-1
1953,Band Pull-Down Row,20
1954,Biceps Curl (band),25
1955,Chest Press (rack),15
1956,Device on Table,-1
1957,Elliptical machine,-1
1958,Lawnmower (left arm),10
1959,Lawnmower (right arm),13
1960,Medicine Ball Slam,15
1961,Non-Exercise,-1
1962,Rest,-1
1963,Rowing machine,-1
1964,Running (treadmill),-1
1965,Squat (hands behind head),12
1966,Squat (kettlebell / goblet),11
1967,Tap Left Device,-1
1968,Tap Right Device,-1
1969,Triceps extension (lying down),1
1970,Triceps extension (lying down) (left arm),8
1971,Triceps extension (lying down) (right arm),8
1972,Wall Ball,9
1973,Device on Table,-1
1974,Dip,15
1975,Dumbbell Row (knee on bench) (left arm),12
1976,Dumbbell Row (knee on bench) (right arm),12
1977,Non-Exercise,-1
1978,Pushup (knee or foot variation),11
1979,Static stretch,-1
1980,Tap Left Device,-1
1981,Tap Right Device,-1
1982,Triceps Kickback (knee on bench) (left arm),12
1983,Triceps Kickback (knee on bench) (right arm),10
1984,"Two-arm Dumbbell Curl (both arms, not alternating)",17
1985,Band Pull-Down Row,23
1986,Biceps Curl (band),20
1987,Chest Press (rack),20
1988,Device on Table,-1
1989,Elliptical machine,-1
1990,Lawnmower (left arm),20
1991,Lawnmower (right arm),20
1992,Medicine Ball Slam,20
1993,Non-Exercise,-1
1994,Repetitive Stretching,-1
1995,Rest,-1
1996,Rowing machine,-1
1997,Running (treadmill),-1
1998,Squat (hands behind head),20
1999,Squat (kettlebell / goblet),20
2000,Tap Left Device,-1
2001,Tap Right Device,-1
2002,Triceps extension (lying down),20
2003,Wall Ball,20
2004,Arm Band Adjustment,-1
2005,Band Pull-Down Row,24
2006,Biceps Curl (band),20
2007,Chest Press (rack),21
2008,Device on Table,-1
2009,Elliptical machine,-1
2010,Lawnmower (left arm),15
2011,Lawnmower (right arm),16
2012,Medicine Ball Slam,6
2013,Non-Exercise,-1
2014,Rowing machine,-1
2015,Running (treadmill),-1
2016,Squat (hands behind head),20
2017,Squat (kettlebell / goblet),20
2018,Tap Left Device,-1
2019,Tap Right Device,-1
2020,Triceps extension (lying down),20
2021,Wall Ball,23
2022,Band Pull-Down Row,21
2023,Biceps Curl (band),20
2024,Chest Press (rack),3
2025,Device on Table,-1
2026,Elliptical machine,-1
2027,Lawnmower (left arm),15
2028,Lawnmower (right arm),15
2029,Medicine Ball Slam,15
2030,Non-Exercise,-1
2031,Rowing machine,-1
2032,Running (treadmill),-1
2033,Squat (hands behind head),20
2034,Squat (kettlebell / goblet),20
2035,Tap Left Device,-1
2036,Tap Right Device,-1
2037,Triceps extension (lying down),20
2038,Wall Ball,15
2039,Band Pull-Down Row,21
2040,Biceps Curl (band),21
2041,Chest Press (rack),20
2042,Device on Table,-1
2043,Elliptical machine,-1
2044,Lawnmower (left arm),20
2045,Lawnmower (right arm),20
2046,Medicine Ball Slam,26
2047,Non-Exercise,-1
2048,Rowing machine,-1
2049,Running (treadmill),-1
2050,Squat (hands behind head),20
2051,Squat (kettlebell / goblet),19
2052,Tap Left Device,-1
2053,Tap Right Device,-1
2054,Triceps extension (lying down),20
2055,Wall Ball,24
